,Open,High,Volume,Close
0,17.98,18.040001,58127610.0,17.700001
1,17.700001,17.799999,73158915.0,17.620001
2,17.6,17.780001,53302333.0,17.719999
3,17.700001,18.280001,39919162.0,18.26
4,18.32,18.440001,32681443.0,18.379999
5,18.6,18.6,23652072.0,18.26
6,18.4,18.4,13375863.0,18.18
7,18.01,18.01,36762907.0,18.0
8,18.18,18.5,30821321.0,18.459999
9,18.58,18.68,41591091.0,18.200001
10,18.120001,18.540001,32650449.0,18.440001
11,18.58,19.0,38123473.0,18.98
12,18.620001,18.98,50160223.0,18.82
13,18.700001,18.74,53258492.0,18.540001
14,18.639999,18.879999,39217788.0,18.84
15,18.52,18.6,56820946.0,18.84
16,18.5,18.879999,44146107.0,18.620001
17,18.9,19.16,48694310.0,19.040001
18,19.280001,19.6,55314411.0,19.34
19,19.24,19.24,2553081.0,19.24
20,19.299999,19.440001,43501963.0,19.040001
21,19.219999,19.24,29145606.0,19.1
22,19.02,19.34,36510920.0,18.940001
23,19.1,19.48,35156177.0,19.4
24,19.280001,19.280001,35472864.0,19.02
25,18.559999,18.780001,62594133.0,18.639999
26,18.959999,19.0,44157867.0,18.84
27,19.059999,19.1,36679653.0,18.719999
28,18.68,18.98,43184773.0,18.68
29,18.559999,18.860001,45401485.0,18.620001
30,18.24,18.24,185586126.0,17.32
31,16.92,17.26,183770146.0,17.200001
32,17.32,17.860001,124795145.0,17.66
33,17.860001,17.9,47936638.0,17.799999
34,17.68,17.74,63996057.0,17.26
35,17.415001,17.299999,121584572.0,16.9
36,16.92,16.98,132462147.0,16.42
37,16.24,16.559999,94779392.0,16.120001
38,16.200001,16.5,96944861.0,16.440001
39,16.6,16.82,79571326.0,16.719999
40,16.780001,16.84,51773261.0,16.52
41,16.700001,16.959999,55524979.0,16.84
42,17.059999,17.26,78037302.0,17.16
43,17.1,17.32,70205992.0,17.280001
44,17.4,17.719999,74119732.0,17.58
45,17.879999,17.879999,104128372.0,17.799999
46,17.6,17.76,64765783.0,17.5
47,17.700001,17.799999,63153463.0,17.459999
48,17.5,17.780001,62392101.0,17.639999
49,17.5,17.76,67954119.0,17.68
50,17.879999,18.040001,59571022.0,18.0
51,17.860001,17.9,57587443.0,17.84
52,17.879999,17.959999,54126621.0,17.6
53,17.799999,17.9,50887173.0,17.82
54,17.719999,18.34,90621409.0,18.16
55,18.18,18.4,72345035.0,18.379999
56,18.32,18.379999,51746678.0,18.32
57,18.48,18.48,48608579.0,18.08
58,17.959999,17.959999,53397821.0,17.66
59,17.42,17.940001,56730707.0,17.9
60,17.92,17.92,89366011.0,17.26
61,17.1,17.34,72895603.0,17.299999
62,16.92,17.280001,54244365.0,17.26
63,17.379999,17.6,97198580.0,17.24
64,17.08,17.959999,92034271.0,17.860001
65,18.0,18.459999,109852129.0,18.4
66,18.459999,18.5,58829992.0,18.440001
67,18.76,18.860001,75943683.0,18.780001
68,18.799999,19.0,49095369.0,18.98
69,18.92,19.139999,50216064.0,18.700001
70,18.52,19.120001,74113630.0,19.02
71,19.059999,19.5,80257680.0,19.459999
72,19.780001,19.799999,61320524.0,19.6
73,19.799999,20.549999,79753085.0,20.5
74,20.450001,21.299999,79789755.0,20.85
75,20.6,20.700001,106185124.0,20.4
76,20.450001,21.0,82384080.0,20.700001
77,20.65,21.15,72818242.0,20.75
78,20.799999,21.0,75354149.0,20.450001
79,19.92,19.98,106606430.0,19.860001
80,19.76,19.959999,84712116.0,19.799999
81,19.620001,19.82,43441515.0,19.58
82,19.639999,19.879999,50919006.0,19.58
83,19.700001,19.799999,59459375.0,19.299999
84,19.059999,19.16,81150609.0,18.9
85,19.200001,19.52,62561767.0,19.459999
86,19.700001,19.959999,70927978.0,19.879999
87,19.74,19.74,40525195.0,19.700001
88,19.799999,20.1,46618194.0,19.6
89,19.700001,19.799999,63411148.0,19.200001
90,19.219999,19.360001,45566029.0,19.16
91,19.24,19.66,43285683.0,19.280001
92,19.0,19.1,64482470.0,18.780001
93,18.5,18.6,81886457.0,18.4
94,18.02,18.120001,98375757.0,17.98
95,18.200001,18.34,50974433.0,18.299999
96,18.9,18.9,82047042.0,18.620001
97,18.280001,18.379999,55836231.0,18.360001
98,18.34,18.5,64318814.0,18.42
99,18.1,18.24,69340341.0,18.02
100,17.940001,18.059999,83883072.0,17.879999
101,17.860001,18.120001,59436488.0,17.9
102,18.200001,18.360001,70345875.0,18.16
103,18.219999,18.26,31118364.0,18.139999
104,17.98,18.0,43635977.0,17.860001
105,17.9,18.120001,36314255.0,18.059999
106,18.059999,18.200001,55516913.0,18.16
107,18.360001,18.74,85417334.0,18.68
108,18.68,19.08,88076363.0,19.059999
109,19.059999,19.34,49458444.0,19.1
110,19.379999,19.700001,79207191.0,19.6
111,19.5,19.6,69518356.0,19.379999
112,18.9,19.040001,63385473.0,18.959999
113,19.1,19.200001,60274430.0,18.780001
114,18.74,18.82,48126967.0,18.74
115,18.620001,18.74,53035210.0,18.700001
116,18.959999,18.959999,58951077.0,18.780001
117,18.9,18.92,68516071.0,18.6
118,18.24,18.719999,37979739.0,18.700001
119,18.32,18.66,61697728.0,18.48
120,18.58,18.719999,50203383.0,18.34
121,18.08,18.280001,74123962.0,18.219999
122,18.26,18.32,81638815.0,17.860001
123,17.780001,18.0,59345043.0,17.9
124,18.1,18.24,60515754.0,18.08
125,18.120001,18.200001,47869541.0,17.98
126,18.0,18.24,46542205.0,18.040001
127,17.92,17.940001,103403894.0,17.860001
128,17.58,17.76,76351505.0,17.620001
129,17.6,17.74,83910733.0,17.540001
130,17.940001,18.040001,83932275.0,17.84
131,18.1,18.280001,97681770.0,18.16
132,18.639999,18.639999,67541725.0,18.5
133,18.52,18.540001,40309025.0,18.4
134,18.5,18.540001,54397376.0,18.299999
135,18.299999,18.360001,57166823.0,18.18
136,18.5,18.58,59866996.0,18.5
137,18.440001,18.440001,39464884.0,18.219999
138,18.0,18.0,60707049.0,17.68
139,17.82,17.9,52577175.0,17.860001
140,17.879999,17.940001,73054022.0,17.860001
141,17.719999,18.0,38317372.0,17.92
142,18.02,18.1,32664952.0,17.9
143,17.9,18.08,43551616.0,18.059999
144,18.1,18.16,173443237.0,17.48
145,17.200001,17.26,241279634.0,16.860001
146,17.1,17.360001,115813032.0,17.32
147,17.24,17.24,78642509.0,17.120001
148,17.139999,17.440001,63469171.0,17.4
149,17.200001,17.459999,51330614.0,17.299999
150,17.0,17.48,75011938.0,17.48
151,17.379999,17.5,50472621.0,17.42
152,17.6,17.719999,49999096.0,17.58
153,17.5,17.5,36443706.0,17.4
154,16.940001,17.040001,85182004.0,16.92
155,16.84,16.98,100846265.0,16.52
156,15.66,15.7,179075226.0,15.54
157,15.34,15.34,130851766.0,14.92
158,13.6,14.68,177010272.0,13.7
159,14.34,14.7,150836786.0,14.52
160,14.44,14.68,128090859.0,14.3
161,14.68,14.68,80728749.0,14.22
162,14.86,15.08,72461894.0,14.94
163,15.42,15.54,77604476.0,15.18
164,15.3,15.38,43491572.0,15.14
165,15.4,15.4,54133780.0,14.66
166,14.16,14.24,81463880.0,14.18
167,14.38,14.46,82800152.0,14.14
168,14.16,14.62,64302750.0,14.52
169,14.6,14.66,45995495.0,14.22
170,14.52,14.82,83260819.0,14.64
171,14.8,14.8,49701702.0,14.4
172,14.82,14.94,53389498.0,14.9
173,15.3,15.5,69039841.0,15.36
174,15.72,15.98,90868155.0,15.9
175,16.0,16.299999,97313912.0,15.96
176,15.82,15.92,50454463.0,15.44
177,14.26,14.3,222171056.0,13.84
178,13.3,13.96,142949703.0,13.88
179,14.08,14.38,88097543.0,14.2
180,14.44,14.46,71338066.0,14.06
181,14.26,14.26,48538678.0,14.0
182,13.5,13.62,57107547.0,13.42
183,13.72,13.76,103767403.0,13.36
184,13.4,13.48,99852061.0,13.4
185,13.76,14.0,120336508.0,13.86
186,13.62,13.68,61791503.0,13.3
187,13.32,13.4,61898171.0,13.26
188,13.04,13.24,68241814.0,12.96
189,12.44,12.48,97390999.0,11.96
190,11.3,12.06,124493579.0,11.84
191,11.36,11.96,97748570.0,11.88
192,12.34,12.86,109003352.0,12.8
193,12.9,13.44,149312747.0,13.3
194,13.36,13.36,109836730.0,13.0
195,12.7,12.72,109087840.0,12.16
196,12.08,12.12,155120960.0,11.34
197,12.2,12.54,163342064.0,12.3
198,12.26,13.2,100322688.0,12.84
199,13.2,13.3,107533515.0,13.2
200,14.3,14.3,132149344.0,13.72
201,13.6,13.94,80225291.0,13.72
202,14.1,14.1,110210048.0,13.92
203,13.52,13.52,87816552.0,13.28
204,13.76,13.9,85242798.0,13.72
205,13.3,13.3,118707389.0,13.04
206,13.4,13.42,52044425.0,13.18
207,13.14,13.14,69823646.0,12.78
208,13.0,13.14,48479860.0,12.84
209,13.38,13.86,75809883.0,13.68
210,14.1,14.44,132486076.0,14.42
211,14.06,14.6,102916011.0,14.54
212,14.44,15.56,131996374.0,15.42
213,15.7,15.94,122535460.0,15.34
214,15.26,15.34,61941608.0,15.26
215,14.68,14.8,91136047.0,14.6
216,14.12,15.12,69441229.0,15.08
217,14.9,15.02,95358942.0,14.52
218,15.24,15.54,100845418.0,15.26
219,15.16,15.16,72786592.0,14.92
220,15.1,15.3,45864792.0,15.06
221,15.7,15.8,68868621.0,15.66
222,14.8,15.1,57434810.0,14.88
223,15.2,15.6,60545657.0,15.4
224,15.78,16.0,54471495.0,15.76
225,15.4,15.64,36422927.0,15.62
226,15.7,15.7,58392669.0,15.3
227,15.12,15.56,39432488.0,15.14
228,14.74,14.92,54623862.0,14.82
229,14.3,14.42,59098394.0,14.38
230,14.3,14.44,47412397.0,14.36
231,13.92,14.04,45812808.0,13.9
232,13.7,13.98,80869431.0,13.74
233,13.5,13.6,38053978.0,13.5
234,13.88,13.96,34763333.0,13.86
235,14.08,14.34,74875249.0,14.1
236,14.08,14.28,84750602.0,14.02
237,15.2,15.66,119171184.0,15.34
238,15.2,15.54,71730829.0,15.24
239,15.24,15.44,41235277.0,15.4
240,15.4,15.4,39048676.0,15.22
241,15.4,15.44,35997593.0,15.42
242,15.48,15.48,44870429.0,15.32
243,14.8,14.94,41597691.0,14.78
244,14.94,15.08,32087459.0,14.72
245,14.4,14.66,39272060.0,14.64
246,14.4,14.6,36211457.0,14.48
247,13.9,14.0,88554242.0,13.82
248,13.68,14.0,82148195.0,13.8
249,13.8,13.8,59782479.0,13.58
250,13.58,13.72,70905497.0,13.5
251,13.78,13.82,74826960.0,13.52
252,13.4,13.48,66023189.0,13.34
253,13.66,13.74,46856728.0,13.72
254,,,,
255,13.72,13.8,34123422.0,13.72
256,13.56,13.64,41373584.0,13.58
257,13.7,13.78,32303344.0,13.58
258,,,,
259,13.58,14.28,54350062.0,14.14
260,14.38,14.5,58295505.0,14.24
261,14.48,14.72,64664306.0,14.64
262,15.42,15.42,167609828.0,15.08
263,15.08,15.34,61709882.0,15.3
264,15.38,15.46,69247140.0,15.18
265,15.18,15.44,54461986.0,15.38
266,15.14,15.32,53750212.0,15.02
267,15.2,15.2,50098117.0,15.08
268,14.98,15.0,34257852.0,14.84
269,15.14,15.68,72025653.0,15.62
270,15.72,15.82,89668039.0,15.76
271,15.62,15.76,136753619.0,15.46
272,15.4,15.54,73226394.0,15.5
273,15.5,15.9,56632007.0,15.84
274,15.8,15.94,60120852.0,15.84
275,15.94,16.139999,92394215.0,15.8
276,15.88,16.0,81042643.0,15.94
277,15.94,16.02,43726969.0,15.98
278,16.24,16.719999,113607681.0,16.639999
279,16.639999,16.940001,70433545.0,16.76
280,16.9,17.040001,75375446.0,16.58
281,16.82,16.879999,59510281.0,16.780001
282,16.780001,17.139999,74210778.0,17.1
283,17.139999,17.639999,95100574.0,17.459999
284,17.5,17.639999,79244508.0,17.280001
285,17.16,17.48,39984202.0,17.459999
286,17.32,17.459999,41544247.0,17.379999
287,17.5,17.780001,62290429.0,17.74
288,17.68,17.959999,68711483.0,17.860001
289,18.0,18.18,55189382.0,18.1
290,18.200001,18.200001,49852332.0,17.860001
291,17.959999,17.959999,117035034.0,17.34
292,17.26,17.620001,73066578.0,17.6
293,17.5,17.58,37381563.0,17.379999
294,17.26,17.459999,44911986.0,17.280001
295,17.440001,17.66,59505300.0,17.219999
296,17.440001,17.780001,51725556.0,17.76
297,17.82,17.84,46447301.0,17.799999
298,17.700001,17.74,35390282.0,17.48
299,17.719999,17.719999,47355830.0,17.440001
300,17.360001,17.48,32977293.0,17.280001
301,17.18,17.299999,42445449.0,16.959999
302,16.74,16.76,67914143.0,16.559999
303,16.5,16.82,54520974.0,16.74
304,16.82,17.08,54648664.0,16.98
305,16.799999,16.959999,35233257.0,16.84
306,16.879999,17.4,66335291.0,17.24
307,17.48,17.540001,59894193.0,17.120001
308,16.959999,17.02,67075716.0,16.92
309,17.08,17.08,75445296.0,16.74
310,16.879999,17.200001,122763556.0,16.5
311,16.66,16.780001,54451770.0,16.719999
312,16.68,16.719999,36548688.0,16.540001
313,16.299999,16.459999,37488861.0,16.379999
314,16.299999,16.68,29258326.0,16.48
315,16.700001,16.92,38580847.0,16.780001
316,16.48,16.639999,44528811.0,16.459999
317,16.200001,16.200001,93043999.0,15.92
318,15.64,16.02,75314692.0,15.96
319,16.16,16.16,42319534.0,15.86
320,16.08,16.08,65546763.0,15.94
321,15.94,15.94,42232768.0,15.88
322,15.88,15.88,56166151.0,15.6
323,15.26,15.34,56043495.0,15.28
324,15.28,15.44,43268207.0,15.4
325,15.7,15.92,76921060.0,15.82
326,15.66,15.76,35172106.0,15.66
327,15.86,15.86,52929790.0,15.56
328,16.0,16.299999,94164020.0,16.08
329,16.200001,16.379999,37866873.0,16.34
330,16.219999,16.360001,40026010.0,16.24
331,16.1,16.200001,28944842.0,16.0
332,15.9,16.1,70748501.0,15.96
333,16.059999,16.299999,46161317.0,16.139999
334,16.139999,16.299999,30844209.0,16.299999
335,16.360001,16.559999,45152291.0,16.280001
336,16.5,16.559999,31829688.0,16.540001
337,16.540001,16.959999,52007355.0,16.780001
338,16.9,16.92,51494481.0,16.76
339,16.66,16.66,37915708.0,16.540001
340,16.02,16.040001,111399746.0,15.84
341,16.0,16.0,43608813.0,15.74
342,15.6,15.66,69715276.0,15.36
343,15.2,15.28,49824402.0,15.22
344,15.02,15.2,57120981.0,14.9
345,14.86,14.96,47496463.0,14.64
346,14.52,14.72,54006827.0,14.66
347,14.5,14.5,58614881.0,14.14
348,14.18,14.54,56947069.0,14.26
349,14.16,14.38,63978451.0,14.34
350,14.28,14.34,60463470.0,14.28
351,14.52,14.68,45618358.0,14.42
352,14.2,14.32,47080902.0,14.28
353,14.28,14.44,32920799.0,14.26
354,14.3,14.54,50708322.0,14.44
355,14.38,14.56,43751516.0,14.5
356,14.46,14.84,45936999.0,14.72
357,14.3,14.32,63061842.0,14.2
358,13.9,14.12,73725176.0,14.04
359,13.88,14.08,72169868.0,13.74
360,13.4,13.46,63958973.0,13.38
361,13.54,13.62,41901741.0,13.28
362,13.46,13.86,63574149.0,13.78
363,14.2,14.22,57003860.0,14.04
364,14.32,14.32,78171156.0,14.12
365,14.64,14.7,58230920.0,14.64
366,14.26,14.56,43662265.0,14.52
367,14.78,14.8,56070434.0,14.72
368,14.96,14.96,42428750.0,14.64
369,14.8,15.24,77496347.0,15.2
370,15.64,15.86,82167004.0,15.52
371,15.48,15.5,53570546.0,15.3
372,15.3,15.52,34661689.0,15.48
373,15.14,15.22,75375077.0,14.98
374,14.64,14.7,84605102.0,14.38
375,14.4,14.46,55309093.0,14.28
376,14.02,14.4,60504339.0,14.36
377,14.26,14.7,59272325.0,14.62
378,14.82,15.12,99607177.0,14.9
379,14.9,15.42,83694590.0,15.4
380,15.4,15.88,63766763.0,15.64
381,15.94,15.94,51590498.0,15.64
382,15.8,15.8,24795188.0,15.7
383,15.8,15.8,33996627.0,15.5
384,15.3,15.72,56727735.0,15.1
385,15.14,15.38,47279796.0,15.18
386,15.02,15.42,39082263.0,15.38
387,15.28,15.28,56213532.0,14.92
388,15.06,15.2,26240726.0,15.02
389,15.3,15.3,24903513.0,15.08
390,15.14,15.64,51062300.0,15.56
391,15.76,15.76,41442997.0,15.36
392,15.62,15.8,51748169.0,15.8
393,16.0,16.0,39988876.0,15.94
394,15.54,15.56,42321674.0,15.44
395,15.2,15.2,106266879.0,14.82
396,14.88,14.94,77499091.0,14.78
397,14.72,14.92,47194111.0,14.82
398,15.14,15.3,56232892.0,15.24
399,15.4,15.56,41516905.0,15.5
400,15.54,15.76,50022172.0,15.72
401,15.4,15.54,67930607.0,15.5
402,15.52,15.58,39405679.0,15.44
403,15.32,15.42,52045136.0,15.34
404,15.72,15.84,58671481.0,15.66
405,15.82,15.9,34195742.0,15.86
406,16.0,16.059999,48424327.0,15.88
407,15.88,16.059999,30263521.0,16.0
408,16.02,16.040001,48415263.0,15.84
409,16.0,16.0,26456322.0,15.72
410,15.86,15.86,90131876.0,15.58
411,15.38,15.5,59573499.0,15.36
412,15.5,15.52,39001528.0,15.28
413,15.52,15.74,53496863.0,15.58
414,15.58,15.6,34044738.0,15.56
415,15.58,15.62,126757178.0,15.1
416,14.76,14.86,79893415.0,14.84
417,14.84,15.0,93601431.0,14.96
418,14.82,14.88,54016521.0,14.8
419,14.72,14.8,42170554.0,14.74
420,14.68,14.88,38775010.0,14.84
421,14.8,14.92,37833465.0,14.8
422,14.72,14.88,54109536.0,14.74
423,14.58,14.78,36188170.0,14.68
424,14.56,14.84,29954067.0,14.7
425,14.72,14.86,26833688.0,14.62
426,14.62,14.62,68366186.0,14.26
427,14.1,14.26,52155814.0,14.16
428,14.46,14.52,83670064.0,14.38
429,14.46,14.6,55590898.0,14.34
430,14.28,14.84,81682640.0,14.7
431,14.82,15.02,47917874.0,14.9
432,15.0,15.06,34561802.0,14.94
433,15.38,15.84,109085649.0,15.66
434,15.9,16.34,128128817.0,16.24
435,15.92,16.139999,76053119.0,16.02
436,15.92,16.24,75992697.0,16.200001
437,15.9,15.9,90900439.0,15.64
438,15.68,15.96,53803477.0,15.74
439,15.7,15.78,32550383.0,15.66
440,15.68,15.74,31691753.0,15.68
441,15.46,15.62,40699096.0,15.56
442,15.46,16.02,64140890.0,15.88
443,15.82,16.02,44961189.0,15.9
444,15.9,16.040001,41555641.0,15.84
445,15.6,15.7,53044525.0,15.58
446,15.76,15.78,57197013.0,15.58
447,15.42,15.54,48763000.0,15.36
448,15.5,15.76,42668065.0,15.46
449,15.58,15.7,46239186.0,15.56
450,15.58,15.78,43719445.0,15.76
451,15.86,15.98,44649863.0,15.88
452,15.82,15.98,39022063.0,15.78
453,15.72,15.96,37822568.0,15.94
454,16.0,16.120001,34080830.0,16.0
455,16.1,16.18,49018213.0,15.98
456,16.08,16.379999,69127540.0,16.24
457,16.0,16.360001,46287676.0,16.32
458,16.32,16.32,56291042.0,16.040001
459,16.32,16.5,63071218.0,16.26
460,16.18,16.26,49365341.0,16.08
461,15.94,16.18,35235827.0,16.139999
462,16.18,16.26,39887523.0,16.02
463,15.96,16.16,36573648.0,16.1
464,15.78,16.18,55030870.0,16.139999
465,16.299999,16.42,39349101.0,16.34
466,16.18,16.34,22543080.0,16.280001
467,16.48,16.48,29071378.0,16.440001
468,16.5,16.620001,39411468.0,16.58
469,16.299999,16.360001,42359026.0,16.08
470,15.88,16.040001,46465011.0,15.96
471,15.92,16.08,21722824.0,15.98
472,15.88,16.059999,43210131.0,15.84
473,15.7,16.08,29062669.0,16.059999
474,15.8,16.059999,37095357.0,15.74
475,15.96,16.0,33843827.0,15.98
476,16.18,16.26,34283878.0,16.02
477,16.24,16.4,49565620.0,16.219999
478,16.059999,16.360001,31148830.0,16.280001
479,16.18,16.4,29350869.0,16.360001
480,16.219999,16.58,36865833.0,16.540001
481,16.639999,16.639999,19565944.0,16.5
482,16.6,16.639999,32692263.0,16.42
483,16.219999,16.24,39094664.0,16.139999
484,16.1,16.440001,39037228.0,16.379999
485,16.379999,16.639999,54221378.0,16.58
486,16.52,16.74,32883377.0,16.379999
487,16.559999,16.559999,28629763.0,16.459999
488,16.299999,16.799999,52855775.0,16.74
489,16.74,16.76,53199664.0,16.620001
490,16.58,16.74,49851317.0,16.6
491,16.9,16.959999,49268957.0,16.780001
492,16.9,16.940001,40280474.0,16.82
493,16.959999,16.959999,35944758.0,16.879999
494,17.0,17.0,38222157.0,16.799999
495,16.700001,16.9,44409108.0,16.879999
496,16.639999,16.780001,49245078.0,16.58
497,16.58,16.700001,38016872.0,16.66
498,16.76,16.9,42117828.0,16.84
499,16.639999,16.879999,36659354.0,16.84
500,16.58,16.799999,47585970.0,16.780001
501,16.58,16.799999,14862398.0,16.76
502,16.76,16.799999,33238815.0,16.74
503,16.780001,16.879999,24987331.0,16.84
504,16.780001,16.860001,12627470.0,16.780001
505,16.780001,17.32,49343943.0,17.299999
506,17.200001,17.299999,63186743.0,17.299999
507,17.26,17.379999,36921621.0,17.34
508,17.299999,17.32,48783733.0,17.139999
509,17.0,17.0,60579333.0,16.84
510,16.6,16.719999,74156384.0,16.639999
511,16.559999,16.76,81504859.0,16.540001
512,16.559999,16.620001,112066488.0,16.219999
513,16.34,16.379999,52524401.0,16.34
514,16.200001,16.360001,63757619.0,16.200001
515,16.18,16.200001,54388635.0,16.08
516,16.139999,16.26,52390778.0,16.02
517,16.1,16.42,69483849.0,16.379999
518,16.18,16.32,79175796.0,16.200001
519,16.24,16.24,40526488.0,16.16
520,16.24,16.24,57301862.0,16.08
521,15.9,16.0,99488245.0,15.76
522,15.8,15.94,72431420.0,15.82
523,15.72,16.08,56153602.0,15.9
524,16.0,16.120001,52214993.0,16.1
525,16.219999,16.52,88388016.0,16.4
526,15.94,16.059999,102837629.0,16.02
527,16.02,16.08,47825260.0,16.02
528,16.120001,16.299999,62627563.0,16.0
529,15.86,15.86,106495304.0,15.62
530,15.7,15.74,71280919.0,15.62
531,15.54,15.62,53195530.0,15.6
532,15.5,15.7,49865306.0,15.58
533,15.58,15.96,59676812.0,15.88
534,15.84,15.98,37905969.0,15.96
535,16.08,16.08,39050295.0,15.88
536,15.82,15.92,59839483.0,15.66
537,15.88,15.88,52398835.0,15.72
538,15.48,15.58,51693549.0,15.54
539,15.54,15.54,48152893.0,15.36
540,15.38,15.48,38164415.0,15.32
541,15.2,15.28,52400106.0,15.06
542,15.06,15.14,47860635.0,14.98
543,15.06,15.32,64094464.0,15.24
544,15.08,15.18,102535250.0,14.88
545,14.88,14.92,83520975.0,14.58
546,14.8,14.8,73459726.0,14.58
547,14.7,14.78,61476981.0,14.66
548,14.52,14.7,41727195.0,14.66
549,14.74,15.22,81772668.0,15.0
550,15.0,15.12,55832716.0,14.84
551,14.76,14.98,49192864.0,14.66
552,14.64,14.72,53208831.0,14.44
553,14.5,14.7,64373996.0,14.52
554,14.46,14.76,136949278.0,14.66
555,14.56,14.56,88693982.0,14.46
556,14.54,14.6,74339217.0,14.28
557,14.28,14.48,43901955.0,14.44
558,14.58,14.58,57546618.0,14.44
559,14.4,14.42,52048263.0,14.32
560,14.7,15.14,137979059.0,14.92
561,15.14,15.14,76559469.0,15.06
562,15.18,15.28,52017958.0,15.1
563,14.92,15.0,50786496.0,14.92
564,14.92,15.14,57590755.0,15.08
565,15.14,15.14,31282078.0,14.94
566,14.94,14.94,78299260.0,14.36
567,14.24,14.3,40975753.0,14.22
568,14.24,14.46,37021649.0,14.36
569,14.4,14.42,71468151.0,14.26
570,14.34,14.56,37486718.0,14.26
571,14.24,14.32,43425532.0,14.18
572,14.0,14.02,90768832.0,13.74
573,13.42,13.62,79927713.0,13.48
574,13.74,13.84,100356187.0,13.44
575,13.6,13.6,47857566.0,13.4
576,13.36,13.84,57906103.0,13.8
577,13.8,13.96,61902404.0,13.86
578,13.86,13.88,48737007.0,13.78
579,14.0,14.16,55171125.0,14.04
580,14.26,14.46,69678539.0,14.44
581,14.48,14.58,74061710.0,14.4
582,14.28,14.46,36977137.0,14.34
583,14.6,14.6,66687176.0,14.48
584,14.48,14.48,60505768.0,14.16
585,14.2,14.34,37187593.0,14.18
586,14.48,14.52,49023217.0,14.38
587,14.5,14.62,53641101.0,14.58
588,14.72,14.8,44821295.0,14.78
589,14.8,14.8,59618573.0,14.7
590,14.72,14.78,33799439.0,14.76
591,14.64,14.64,53366771.0,14.4
592,14.5,14.56,51132317.0,14.32
593,14.5,14.54,57866243.0,14.44
594,14.16,14.38,72173494.0,14.24
595,14.24,14.62,42992785.0,14.48
596,14.54,14.54,36336848.0,14.42
597,14.44,14.62,45383243.0,14.42
598,14.46,14.58,82194939.0,14.06
599,13.98,14.14,56921110.0,13.92
600,13.84,14.02,35010854.0,13.94
601,13.98,14.22,36842456.0,14.18
602,14.18,14.18,51657006.0,13.94
603,13.8,13.94,44772920.0,13.76
604,13.72,13.9,65446070.0,13.72
605,13.84,14.02,63515385.0,13.74
606,13.92,13.92,40536174.0,13.78
607,13.8,13.84,39716398.0,13.76
608,13.46,13.56,54187518.0,13.44
609,13.54,13.62,41246229.0,13.42
610,13.46,13.58,42903132.0,13.48
611,13.48,13.48,43902084.0,13.22
612,13.22,13.24,79288045.0,12.9
613,13.04,13.26,71262437.0,13.04
614,13.18,13.7,79976424.0,13.58
615,13.44,13.68,61486137.0,13.62
616,13.48,13.78,75001270.0,13.6
617,13.4,13.42,99683745.0,13.0
618,12.7,12.88,107264615.0,12.72
619,12.6,12.72,58486930.0,12.34
620,12.44,12.52,60238571.0,12.28
621,12.62,12.62,60599928.0,12.52
622,12.84,12.94,57392662.0,12.78
623,12.84,13.2,63047748.0,13.16
624,13.16,13.56,63744339.0,12.94
625,12.7,12.8,62639169.0,12.54
626,12.66,13.08,46222572.0,12.8
627,13.0,13.16,34773848.0,13.08
628,12.82,13.32,61421640.0,13.14
629,13.04,13.18,34662194.0,13.16
630,13.18,13.32,50487074.0,13.1
631,13.24,13.8,75842821.0,13.64
632,13.7,13.76,57432619.0,13.7
633,13.58,13.74,40988883.0,13.62
634,13.7,13.8,50605672.0,13.72
635,13.76,13.82,37980328.0,13.78
636,13.96,13.96,36428973.0,13.82
637,13.98,13.98,38178431.0,13.86
638,14.0,14.0,20501695.0,13.92
639,14.0,14.3,72785750.0,14.28
640,14.2,14.38,58464084.0,14.3
641,14.16,14.3,26182684.0,14.2
642,14.1,14.36,26521796.0,14.28
643,14.2,14.22,31585117.0,14.06
644,14.06,14.14,33327479.0,14.12
645,13.94,14.1,37221691.0,14.0
646,14.06,14.26,31267353.0,14.16
647,14.24,14.32,28310757.0,14.22
648,14.28,14.3,21945788.0,14.2
649,14.24,14.24,32970848.0,14.02
650,13.82,14.04,36770989.0,13.88
651,13.88,14.02,27277874.0,13.88
652,13.88,14.06,31833459.0,14.0
653,13.98,14.48,84906716.0,14.36
654,14.48,14.58,52389053.0,14.56
655,14.56,14.56,0.0,14.56
656,14.46,14.74,74854779.0,14.68
657,14.7,14.98,86560596.0,14.78
658,14.92,15.14,101373147.0,15.08
659,15.18,15.18,66151432.0,14.82
660,15.44,15.7,191917015.0,15.54
661,15.42,15.7,117389571.0,15.5
662,15.58,15.64,97391045.0,15.62
663,15.64,15.8,70628570.0,15.64
664,15.5,15.56,53906174.0,15.46
665,15.22,15.78,119970080.0,15.56
666,15.8,15.9,80094124.0,15.52
667,15.32,15.56,69712602.0,15.4
668,15.6,15.96,82783903.0,15.88
669,15.98,15.98,39289824.0,15.94
670,15.86,16.0,38173912.0,15.94
671,16.0,16.0,50144540.0,15.86
672,15.86,16.0,52522761.0,15.94
673,16.0,16.219999,58822716.0,16.200001
674,16.299999,16.379999,63060727.0,16.280001
675,16.379999,16.4,65033167.0,16.219999
676,16.219999,16.280001,49915109.0,16.059999
677,16.200001,16.200001,60923791.0,16.08
678,16.280001,16.299999,41303289.0,16.200001
679,16.360001,16.360001,59624122.0,16.040001
680,16.02,16.02,40202030.0,15.98
681,16.4,16.48,61066127.0,16.08
682,16.08,16.299999,49295913.0,16.040001
683,16.08,16.08,46711023.0,15.8
684,15.82,15.9,35480004.0,15.8
685,15.96,15.96,31763136.0,15.74
686,15.76,16.1,59652361.0,15.98
687,15.88,15.98,64610647.0,15.78
688,15.78,15.84,46574694.0,15.64
689,15.88,16.0,29162457.0,15.98
690,15.98,16.059999,27234449.0,16.02
691,16.059999,16.059999,24210043.0,15.84
692,15.88,16.120001,36464333.0,16.1
693,15.96,15.96,59891759.0,15.74
694,15.6,15.68,63581088.0,15.54
695,15.84,15.88,50903640.0,15.84
696,15.84,16.120001,45361115.0,15.96
697,16.0,16.040001,33254247.0,16.0
698,16.0,16.1,41178696.0,15.98
699,16.0,16.08,44830377.0,16.059999
700,16.0,16.1,35026677.0,15.98
701,15.74,15.94,42483794.0,15.88
702,15.84,15.88,91120924.0,15.4
703,15.4,15.4,56526280.0,15.28
704,15.1,15.2,54074504.0,15.08
705,15.18,15.34,32727403.0,15.28
706,15.3,15.56,40313543.0,15.38
707,15.6,15.82,51167731.0,15.78
708,15.76,16.0,55367414.0,15.92
709,15.84,15.88,47715269.0,15.78
710,15.66,15.68,51298946.0,15.52
711,15.7,15.7,33221476.0,15.44
712,15.36,15.58,41759249.0,15.5
713,15.42,15.5,37213028.0,15.44
714,15.14,15.32,41998169.0,15.28
715,15.28,15.52,53889318.0,15.5
716,15.5,15.52,39845939.0,15.26
717,15.08,15.12,62975011.0,14.86
718,14.92,15.04,42798873.0,14.98
719,15.06,15.34,51732840.0,15.28
720,15.58,15.86,82583621.0,15.82
721,15.88,16.040001,71285613.0,15.86
722,15.86,15.96,60622281.0,15.76
723,15.6,15.76,37339076.0,15.66
724,15.72,15.98,46153846.0,15.7
725,15.8,15.8,44274204.0,15.7
726,15.66,15.78,47273146.0,15.58
727,15.58,15.72,58656972.0,15.58
728,15.64,15.84,32355854.0,15.7
729,15.8,15.92,37891459.0,15.88
730,16.059999,16.059999,51026145.0,15.98
731,15.84,16.02,77073702.0,15.96
732,15.82,15.9,44981644.0,15.76
733,15.62,15.82,36375783.0,15.76
734,15.56,15.76,48457767.0,15.58
735,15.68,15.76,38056001.0,15.56
736,15.38,15.76,42196556.0,15.68
737,15.64,15.72,54393953.0,15.44
738,15.2,15.3,64564942.0,15.2
739,15.1,15.22,59327561.0,15.08
740,14.9,15.08,98515176.0,14.7
741,14.7,14.8,147415098.0,14.18
742,14.3,14.44,67688767.0,14.24
743,14.4,14.46,64369168.0,14.16
744,14.18,14.24,71865605.0,14.14
745,14.36,14.4,45063192.0,14.24
746,14.38,14.4,31313072.0,14.34
747,14.34,14.36,31308071.0,14.32
748,14.28,14.44,33765870.0,14.32
749,14.48,14.66,32261896.0,14.42
750,14.42,14.56,35595394.0,14.38
751,14.1,14.18,71543328.0,13.82
752,13.74,13.9,54753244.0,13.84
753,13.7,13.76,46244693.0,13.66
754,13.72,14.18,78567150.0,13.98
755,13.98,14.24,68570003.0,13.88
756,13.6,13.84,71735265.0,13.76
757,13.88,13.98,55234213.0,13.9
758,13.6,13.86,44320323.0,13.84
759,13.98,13.98,34042274.0,13.82
760,13.88,13.88,51727064.0,13.76
761,13.78,14.02,65375840.0,13.86
762,13.72,14.06,51095886.0,13.96
763,13.28,13.34,185220194.0,13.08
764,12.74,12.88,154203468.0,12.86
765,12.82,12.9,107761590.0,12.74
766,12.76,12.76,85540508.0,12.66
767,12.46,12.46,125816341.0,12.22
768,12.14,12.34,91485284.0,12.16
769,12.26,12.38,89645531.0,12.18
770,12.14,12.24,61909041.0,12.2
771,12.2,12.2,123852056.0,11.54
772,11.66,11.76,86041583.0,11.58
773,11.56,11.84,80130100.0,11.66
774,11.96,12.22,126844241.0,12.12
775,12.22,12.34,93776138.0,12.1
776,12.34,12.74,117362920.0,12.68
777,12.88,12.98,113310768.0,12.96
778,12.82,12.84,65229919.0,12.66
779,12.78,12.84,52672944.0,12.74
780,12.74,12.84,23620507.0,12.82
781,12.88,12.9,23870897.0,12.78
782,12.72,12.76,45957744.0,12.62
783,12.46,12.78,73307048.0,12.34
784,12.46,12.52,62255145.0,12.4
785,12.46,12.48,37042031.0,12.26
786,12.4,12.52,59710119.0,12.46
787,12.46,12.68,60465687.0,12.54
788,12.62,12.82,54485339.0,12.76
789,13.06,13.06,69988768.0,12.72
790,12.58,12.7,47472563.0,12.56
791,12.42,12.68,46632422.0,12.58
792,12.6,12.66,54305065.0,12.36
793,12.4,12.64,53373558.0,12.54
794,12.54,12.64,41362639.0,12.44
795,12.18,12.26,76283288.0,12.08
796,12.0,12.08,102787229.0,11.76
797,11.66,11.82,54252434.0,11.68
798,11.72,11.86,61953437.0,11.58
799,11.66,11.76,67967183.0,11.62
800,11.5,11.66,54685911.0,11.56
801,11.7,11.76,82545699.0,11.6
802,11.74,11.88,73568270.0,11.76
803,11.78,11.84,56077238.0,11.62
804,11.64,11.96,85607484.0,11.92
805,12.06,12.2,61069209.0,12.2
806,12.2,12.2,52412914.0,11.96
807,12.14,12.22,65923616.0,12.04
808,12.28,12.28,71467785.0,12.18
809,12.2,12.34,53728625.0,12.32
810,11.9,11.9,200210645.0,11.66
811,11.78,11.86,101748468.0,11.68
812,11.82,11.82,70183271.0,11.7
813,11.88,11.92,108448105.0,11.82
814,11.82,12.18,87241911.0,12.02
815,12.2,12.24,64160215.0,12.22
816,12.3,12.6,87338704.0,12.58
817,12.66,12.86,92370327.0,12.68
818,12.72,12.86,102305898.0,12.8
819,12.8,12.94,94436818.0,12.8
820,12.82,13.08,65285370.0,12.96
821,13.2,13.2,75610543.0,12.66
822,12.68,12.88,36932339.0,12.7
823,12.78,12.94,50738599.0,12.88
824,12.88,12.98,43725556.0,12.94
825,13.16,13.16,54757401.0,12.78
826,12.6,12.74,59852742.0,12.7
827,12.7,12.76,48282119.0,12.54
828,12.48,12.74,58749290.0,12.68
829,12.78,13.02,61691968.0,12.96
830,12.86,12.86,71678010.0,12.82
831,12.82,12.82,52709280.0,12.74
832,12.7,12.9,42078084.0,12.62
833,12.62,12.7,60584569.0,12.5
834,12.64,12.92,61564372.0,12.86
835,12.8,12.9,52072948.0,12.84
836,12.9,13.08,45777946.0,12.96
837,13.12,13.12,39028014.0,13.1
838,13.22,13.38,54316105.0,13.3
839,13.28,13.3,28594409.0,13.28
840,13.1,13.34,23962695.0,13.3
841,13.28,13.28,24956564.0,13.28
842,13.22,13.34,28441469.0,13.24
843,13.28,13.46,40947677.0,13.42
844,13.5,13.7,47907896.0,13.62
845,13.7,13.78,37820247.0,13.62
846,13.72,13.82,26125907.0,13.56
847,13.56,13.72,32298886.0,13.66
848,13.78,13.88,49340447.0,13.82
849,13.8,13.84,48986732.0,13.58
850,13.56,13.64,86334160.0,13.3
851,13.3,13.66,52759421.0,13.64
852,13.66,13.66,26514963.0,13.58
853,13.36,13.36,22314889.0,13.28
854,13.28,13.38,31307647.0,13.16
855,13.32,13.38,20475077.0,13.28
856,13.4,13.6,48452251.0,13.6
857,13.44,13.52,28446124.0,13.48
858,13.48,13.64,32471836.0,13.6
859,13.62,13.98,74178858.0,13.86
860,13.74,14.0,40231759.0,13.9
861,13.94,14.08,52774151.0,13.98
862,13.82,14.08,49657353.0,14.04
863,14.2,14.26,58333942.0,14.12
864,14.1,14.1,49549839.0,14.06
865,13.92,14.04,84095292.0,13.76
866,13.84,13.86,49619485.0,13.56
867,13.68,13.68,33521674.0,13.48
868,13.66,13.88,44570573.0,13.82
869,13.82,14.06,41473844.0,13.86
870,14.12,14.12,52952546.0,13.92
871,13.92,14.14,47593689.0,14.08
872,14.16,14.16,38621067.0,14.04
873,14.1,14.1,88178323.0,13.68
874,13.7,13.7,58593120.0,13.6
875,13.72,13.76,55132999.0,13.64
876,13.4,13.56,76084556.0,13.46
877,13.46,13.54,55939666.0,13.44
878,13.38,13.5,61662822.0,13.38
879,13.4,13.56,53038314.0,13.36
880,13.52,13.62,51798236.0,13.46
881,13.52,13.54,42788753.0,13.48
882,13.58,13.58,42515976.0,13.56
883,13.42,13.5,42586500.0,13.48
884,13.52,13.56,37620812.0,13.46
885,13.54,13.74,55968419.0,13.72
886,13.82,13.88,46694691.0,13.88
887,13.96,13.98,41478530.0,13.92
888,13.88,14.04,46232273.0,14.02
889,14.1,14.28,53238947.0,13.98
890,13.92,13.94,56927232.0,13.82
891,13.78,14.04,83772285.0,13.96
892,13.92,14.0,58300943.0,13.88
893,13.88,13.88,58148799.0,13.78
894,13.82,14.16,72033658.0,14.1
895,14.18,14.18,42023001.0,14.04
896,14.0,14.0,29786230.0,13.98
897,14.06,14.06,30810434.0,13.92
898,13.9,14.26,78395029.0,14.16
899,14.22,14.42,84568919.0,14.34
900,14.46,14.46,49325595.0,14.34
901,14.32,14.56,80635793.0,14.54
902,14.46,14.76,97942100.0,14.64
903,14.58,14.8,71432797.0,14.7
904,14.92,15.44,183994569.0,15.24
905,15.3,15.88,177540116.0,15.4
906,15.46,15.48,71573972.0,15.16
907,15.14,15.26,82900335.0,15.18
908,15.2,15.2,57090484.0,15.12
909,15.08,15.4,44286442.0,15.3
910,15.4,15.64,53629173.0,15.4
911,15.4,15.46,71819090.0,15.16
912,15.46,15.48,51585793.0,15.14
913,15.4,15.7,105002447.0,15.58
914,15.66,15.66,46350008.0,15.64
915,15.54,15.6,56838998.0,15.46
916,15.2,15.76,114188321.0,15.68
917,15.62,15.66,36366534.0,15.54
918,15.8,15.8,54939684.0,15.46
919,15.5,15.68,38091851.0,15.58
920,15.58,15.58,75033878.0,15.06
921,14.6,14.72,84742292.0,14.64
922,14.48,14.66,107088106.0,14.3
923,14.02,14.18,70873861.0,14.1
924,14.02,14.32,42368040.0,14.18
925,14.34,14.58,58064671.0,14.46
926,14.22,14.3,44268870.0,14.26
927,14.3,14.3,57990426.0,14.1
928,14.02,14.16,46992616.0,14.1
929,14.1,14.1,44639429.0,13.96
930,13.9,14.22,39292358.0,14.16
931,14.12,14.18,46533584.0,13.94
932,13.8,13.94,38105495.0,13.88
933,13.68,13.82,62649913.0,13.56
934,13.58,13.58,69125929.0,13.32
935,13.32,13.38,99718646.0,13.14
936,13.18,13.42,58775148.0,13.32
937,13.2,13.68,67978844.0,13.52
938,13.4,13.52,45560948.0,13.34
939,13.4,13.5,29713419.0,13.46
940,13.18,13.22,103542112.0,12.92
941,12.68,13.02,57579655.0,12.92
942,12.74,12.84,136772835.0,12.52
943,12.28,12.4,106578107.0,12.26
944,12.2,12.2,122228415.0,12.0
945,12.04,12.5,131952951.0,12.46
946,12.56,12.72,74959741.0,12.54
947,12.38,12.58,49953193.0,12.48
948,12.52,12.72,75677574.0,12.64
949,12.44,12.54,51202996.0,12.44
950,12.5,12.52,62985876.0,12.44
951,12.46,12.46,38084666.0,12.32
952,12.26,12.54,62646322.0,12.44
953,12.52,12.66,73428512.0,12.56
954,12.0,12.08,171519326.0,12.0
955,12.08,12.24,92174116.0,12.18
956,12.28,12.28,60247466.0,12.18
957,12.02,12.12,79352931.0,12.02
958,11.98,12.0,112634034.0,11.68
959,11.84,11.9,99321939.0,11.78
960,11.84,11.84,39199990.0,11.78
961,12.08,12.16,67025727.0,11.94
962,11.9,11.9,72630813.0,11.84
963,11.8,11.86,42236829.0,11.84
964,11.76,11.84,58691213.0,11.72
965,11.64,11.7,64756851.0,11.6
966,11.82,11.82,52851846.0,11.62
967,11.62,11.76,73811742.0,11.36
968,11.3,11.34,54129263.0,11.26
969,11.38,11.66,66974219.0,11.48
970,11.48,11.96,112900960.0,11.88
971,12.4,12.42,140232806.0,12.26
972,12.1,12.3,70216598.0,12.2
973,12.0,12.16,75382353.0,12.08
974,12.04,12.06,43576506.0,12.0
975,11.32,11.4,200647190.0,11.34
976,10.9,11.0,159165926.0,10.72
977,10.86,10.96,123688533.0,10.84
978,10.8,10.84,124724350.0,10.48
979,10.6,11.0,113299861.0,10.98
980,10.96,10.98,103086905.0,10.78
981,10.62,10.64,96104348.0,10.52
982,10.26,10.26,146302421.0,10.06
983,10.0,10.28,97279469.0,10.22
984,9.97,10.12,134268144.0,10.06
985,9.93,10.14,74049111.0,10.06
986,9.88,10.28,109821077.0,10.14
987,9.91,9.97,122765991.0,9.8
988,9.78,10.2,149675362.0,9.87
989,10.18,10.28,163506517.0,10.1
990,10.12,10.24,101811096.0,10.12
991,10.36,10.64,149177373.0,10.62
992,10.5,10.62,59776892.0,10.46
993,10.48,10.62,24785608.0,10.56
994,10.56,10.82,64385148.0,10.74
995,10.7,10.74,50218702.0,10.38
996,10.4,10.48,21510581.0,10.44
997,10.44,10.68,37897358.0,10.62
998,10.46,10.76,64928621.0,10.64
999,10.4,10.42,119619577.0,10.3
1000,10.14,10.38,64156660.0,10.28
1001,10.4,10.48,57732486.0,10.46
1002,10.6,10.82,104673569.0,10.62
1003,10.56,10.7,39608397.0,10.64
1004,10.4,10.58,71885831.0,10.46
1005,10.48,10.54,65970054.0,10.38
1006,10.54,10.56,66152153.0,10.46
1007,10.4,10.54,56180261.0,10.42
1008,10.5,10.64,75628985.0,10.56
1009,10.56,10.58,67350310.0,10.54
1010,10.5,10.56,68398049.0,10.52
1011,10.62,10.68,68031669.0,10.62
1012,10.64,10.72,96908293.0,10.68
1013,10.6,10.6,62506316.0,10.54
1014,10.58,10.6,45333101.0,10.48
1015,10.54,10.56,63251873.0,10.46
1016,10.16,10.24,103957315.0,10.2
1017,10.34,10.34,70206062.0,10.18
1018,10.28,10.34,57554093.0,10.28
1019,10.58,10.72,146854090.0,10.64
1020,11.24,11.28,191271966.0,11.1
1021,11.1,11.12,100324376.0,10.86
1022,10.98,11.02,69379087.0,10.98
1023,11.08,11.08,46085495.0,10.94
1024,11.0,11.08,42727348.0,10.94
1025,11.04,11.04,68346211.0,10.82
1026,10.7,10.76,60888811.0,10.72
1027,10.8,10.96,83899093.0,10.94
1028,11.04,11.1,49907537.0,11.06
1029,10.92,11.1,31214577.0,11.08
1030,11.18,11.44,78204507.0,11.38
1031,11.38,11.38,66825875.0,11.06
1032,11.04,11.04,55030902.0,10.96
1033,10.98,11.04,44548847.0,10.9
1034,10.96,11.18,72922494.0,11.16
1035,11.0,11.24,53928068.0,11.14
1036,11.18,11.22,46334778.0,11.18
1037,11.04,11.14,62125687.0,11.06
1038,11.12,11.12,34935307.0,10.96
1039,10.88,10.98,38853744.0,10.88
1040,10.8,10.98,44022695.0,10.94
1041,10.88,10.92,39416675.0,10.86
1042,10.74,10.76,68926477.0,10.6
1043,10.46,10.48,76576670.0,10.38
1044,10.4,10.44,47482771.0,10.38
1045,10.38,10.44,43512874.0,10.34
1046,10.3,10.36,50656102.0,10.28
1047,10.28,10.32,43940815.0,10.22
1048,10.28,10.46,49116904.0,10.4
1049,10.56,10.62,46974580.0,10.56
1050,10.32,10.58,46115429.0,10.54
1051,10.4,10.48,49139944.0,10.42
1052,10.3,10.42,29250249.0,10.34
1053,10.4,10.42,32313301.0,10.4
1054,10.44,10.68,66840065.0,10.56
1055,10.48,10.64,49837780.0,10.5
1056,10.86,10.9,96710297.0,10.8
1057,11.12,11.14,111523466.0,10.96
1058,11.04,11.08,58641509.0,11.04
1059,11.14,11.2,66981879.0,11.18
1060,11.18,11.98,193662020.0,11.8
1061,11.98,12.48,159686341.0,11.94
1062,12.2,12.28,118571149.0,12.1
1063,12.24,12.28,99360337.0,12.26
1064,12.14,12.58,148083908.0,12.42
1065,12.68,13.0,202681404.0,12.9
1066,13.18,13.58,239394711.0,13.34
1067,13.56,13.58,147509380.0,13.32
1068,13.24,13.24,131050464.0,12.86
1069,13.0,13.24,111139122.0,13.12
1070,12.98,13.06,90750039.0,12.96
1071,13.0,13.1,96299548.0,12.9
1072,13.18,13.18,79356630.0,13.12
1073,13.08,13.78,143358620.0,13.42
1074,13.38,13.46,96661637.0,13.3
1075,13.2,13.22,70057945.0,13.06
1076,13.28,13.28,67560018.0,13.14
1077,13.14,13.32,55229584.0,13.18
1078,13.26,13.28,59320914.0,13.04
1079,13.26,13.26,66093343.0,13.12
1080,13.06,13.16,66255049.0,12.96
1081,12.82,12.9,93326620.0,12.68
1082,12.88,12.94,53291266.0,12.86
1083,12.8,12.84,39198235.0,12.74
1084,12.8,13.0,57085668.0,12.78
1085,12.66,12.74,69901655.0,12.48
1086,12.48,12.72,54250534.0,12.58
1087,12.5,12.56,50019350.0,12.42
1088,12.48,12.52,40064772.0,12.4
1089,12.5,12.5,59996804.0,12.34
1090,12.34,12.48,37841328.0,12.44
1091,12.5,12.8,67452118.0,12.68
1092,12.68,13.06,78995413.0,12.74
1093,12.66,12.78,58119095.0,12.68
1094,12.54,12.58,85528952.0,12.38
1095,12.36,12.36,89434773.0,12.12
1096,12.02,12.3,59665669.0,12.16
1097,12.06,12.24,47922302.0,12.2
1098,12.38,12.64,82545922.0,12.42
1099,12.22,12.22,80689388.0,11.92
1100,12.04,12.04,56832187.0,11.72
1101,11.64,11.8,37595000.0,11.76
1102,11.8,11.82,45358927.0,11.72
1103,11.84,11.88,62910287.0,11.58
1104,11.72,11.82,65327430.0,11.68
1105,11.7,11.9,69340989.0,11.72
1106,11.6,11.7,29970949.0,11.56
1107,11.5,11.64,88517227.0,11.26
1108,11.3,11.36,85303162.0,11.14
1109,11.22,11.22,90111967.0,10.98
1110,11.06,11.22,68492156.0,11.02
1111,11.08,11.16,55395058.0,11.08
1112,11.12,11.36,70317452.0,11.22
1113,11.36,11.52,64783131.0,11.46
1114,11.5,11.56,75008732.0,11.34
1115,11.22,11.22,70455427.0,11.12
1116,11.06,11.12,74239559.0,10.94
1117,11.02,11.14,76441284.0,11.0
1118,11.0,11.08,79735796.0,10.94
1119,11.08,11.14,62193339.0,11.02
1120,10.96,11.14,84387318.0,10.74
1121,10.7,10.76,83686431.0,10.52
1122,10.4,10.4,184831483.0,9.64
1123,9.71,10.06,108408588.0,9.96
1124,9.96,10.34,98575656.0,10.14
1125,10.04,10.3,81975139.0,10.24
1126,10.34,10.38,70738481.0,10.06
1127,10.0,10.14,55608636.0,10.1
1128,10.16,10.16,34417750.0,10.12
1129,10.06,10.28,42033734.0,10.16
1130,10.24,10.24,32132215.0,10.06
1131,10.06,10.1,54961395.0,9.99
1132,9.94,10.04,54042572.0,9.95
1133,9.83,9.95,47099730.0,9.91
1134,9.85,9.88,57482719.0,9.8
1135,9.76,9.76,85210853.0,9.37
1136,9.51,9.81,81269376.0,9.62
1137,9.77,9.84,69312982.0,9.66
1138,9.85,9.85,55258031.0,9.72
1139,9.79,9.8,50945484.0,9.61
1140,9.52,9.56,44985440.0,9.47
1141,9.38,9.47,44730028.0,9.43
1142,9.47,9.73,52987759.0,9.69
1143,9.69,9.71,60600985.0,9.55
1144,9.74,9.75,47721511.0,9.63
1145,9.58,9.58,43093992.0,9.54
1146,9.7,10.06,91103161.0,9.93
1147,9.84,9.99,62647130.0,9.88
1148,10.0,10.16,61889989.0,10.02
1149,10.04,10.04,54512791.0,9.86
1150,9.74,9.8,39419623.0,9.64
1151,9.72,9.79,35570226.0,9.47
1152,9.54,9.62,61103994.0,9.41
1153,9.31,9.42,82272981.0,9.11
1154,8.95,9.02,92592991.0,8.82
1155,8.35,8.49,88591017.0,8.1
1156,7.94,8.18,114433945.0,7.91
1157,7.91,8.34,90983455.0,8.06
1158,8.59,9.34,230547500.0,9.22
1159,10.38,10.38,135341999.0,9.24
1160,9.34,9.77,113126566.0,9.61
1161,9.78,9.78,83832247.0,9.22
1162,8.9,9.09,95323062.0,8.84
1163,8.84,9.06,67960014.0,8.8
1164,8.69,8.94,54165486.0,8.68
1165,8.68,9.08,55979915.0,9.02
1166,9.23,9.45,79661384.0,9.42
1167,8.9,8.9,92296316.0,8.8
1168,8.92,8.92,60414755.0,8.57
1169,8.61,8.73,41585159.0,8.57
1170,8.53,8.75,59021804.0,8.51
1171,8.68,8.71,49163028.0,8.68
1172,8.74,8.87,72762509.0,8.69
1173,8.69,8.73,71448251.0,8.68
1174,8.41,8.43,66522913.0,8.38
1175,8.42,8.58,40124113.0,8.44
1176,8.26,8.33,74198914.0,8.05
1177,8.04,8.09,46286539.0,7.91
1178,7.88,8.1,74802051.0,8.06
1179,8.06,8.06,103036285.0,7.44
1180,7.66,7.95,99837501.0,7.93
1181,7.93,8.19,109146671.0,8.18
1182,8.35,8.38,77130455.0,8.25
1183,8.44,8.53,177173417.0,8.37
1184,8.75,9.54,216886975.0,9.52
1185,9.42,9.42,118304379.0,8.95
1186,9.3,9.6,163157335.0,9.27
1187,9.55,9.55,61486411.0,9.44
1188,9.23,9.23,90959690.0,9.13
1189,8.9,9.2,54149890.0,9.06
1190,9.19,9.35,70986570.0,9.32
1191,9.37,9.39,139463175.0,9.21
1192,9.24,9.32,31730396.0,9.29
1193,9.12,9.23,42661358.0,9.15
1194,9.15,9.15,64830285.0,8.89
1195,9.0,9.06,84670287.0,8.93
1196,9.07,9.07,51349971.0,8.87
1197,8.77,8.8,63683114.0,8.74
1198,8.65,8.66,57345651.0,8.57
1199,8.76,8.98,124914436.0,8.86
1200,8.86,8.86,77900392.0,8.69
1201,8.75,8.77,35075311.0,8.61
1202,8.7,8.85,44932121.0,8.78
1203,9.1,9.35,123230934.0,9.25
1204,9.1,9.23,66531401.0,9.2
1205,9.1,9.2,61435510.0,8.98
1206,8.85,8.99,48590976.0,8.76
1207,8.65,8.75,62667353.0,8.6
1208,8.5,8.59,63610478.0,8.43
1209,8.39,8.73,58188171.0,8.68
1210,8.4,8.41,79767683.0,8.32
1211,8.05,8.19,59528976.0,8.1
1212,8.35,8.48,54959646.0,8.36
1213,8.33,8.38,77647614.0,8.13
1214,8.24,8.37,63828626.0,8.33
1215,8.31,8.59,50244378.0,8.55
1216,8.51,8.59,60304779.0,8.49
1217,8.42,8.59,61447187.0,8.53
1218,8.65,8.87,115040812.0,8.81
1219,8.86,8.9,52211059.0,8.75
1220,8.8,8.81,77618967.0,8.51
1221,8.37,8.78,130693750.0,8.58
1222,8.68,8.85,82985158.0,8.83
1223,8.86,8.87,69579449.0,8.85
1224,8.52,8.94,84495074.0,8.92
1225,8.8,9.09,131902303.0,9.04
1226,8.95,8.95,120985063.0,8.6
1227,8.35,8.38,140025703.0,8.3
1228,8.31,8.46,97014498.0,8.42
1229,8.29,8.31,94904078.0,8.17
1230,8.1,8.13,89828440.0,7.94
1231,7.7,7.87,80016319.0,7.82
1232,7.8,8.07,62152770.0,7.9
1233,8.1,8.26,68769013.0,8.17
1234,8.1,8.1,87080425.0,7.99
1235,7.77,7.9,69904033.0,7.85
1236,7.78,8.0,46946905.0,7.86
1237,7.8,7.91,43411749.0,7.85
1238,7.92,8.18,44403483.0,8.16
1239,8.58,8.58,54712925.0,8.41
1240,8.41,8.41,35951882.0,8.29
1241,8.23,8.31,18380318.0,8.28
1242,8.36,8.36,24352342.0,8.2
1243,8.1,8.17,24776865.0,8.07
1244,8.07,8.2,52218965.0,8.01
1245,8.01,8.15,50695895.0,8.03
1246,8.0,8.04,49636425.0,8.02
1247,7.88,7.9,120368741.0,7.55
1248,7.75,7.75,60606432.0,7.63
1249,7.5,7.52,67398997.0,7.31
1250,7.31,7.33,57571941.0,7.07
1251,7.24,7.47,56838525.0,7.27
1252,7.07,7.32,84423958.0,7.28
1253,7.4,7.44,71326567.0,7.06
1254,6.96,6.98,103722318.0,6.74
1255,6.7,7.03,81812918.0,7.01
1256,6.88,6.88,106904502.0,6.58
1257,6.77,6.78,176166260.0,6.42
1258,6.82,6.98,139263630.0,6.94
1259,7.13,7.37,143100218.0,7.27
1260,6.97,7.0,139729143.0,6.75
1261,7.06,7.1,94654393.0,7.01
1262,7.15,7.25,96376462.0,7.19
1263,7.5,7.94,204583680.0,7.88
1264,7.85,7.86,105144705.0,7.63
1265,7.36,7.61,59305242.0,7.55
1266,6.83,7.28,118140613.0,7.25
1267,7.6,7.78,76641097.0,7.7
1268,7.69,7.89,97003165.0,7.87
1269,7.87,7.87,102020057.0,7.45
1270,7.45,7.77,101977552.0,7.48
1271,7.74,8.04,108436996.0,7.96
1272,8.15,8.3,120970367.0,8.11
1273,8.08,8.08,100237851.0,7.79
1274,8.35,8.35,93823958.0,8.21
1275,8.05,8.18,70799820.0,8.1
1276,8.1,8.2,32159396.0,8.1
1277,8.25,8.34,72771218.0,8.23
1278,8.09,8.1,53300615.0,7.98
1279,8.11,8.13,56700854.0,7.81
1280,7.98,8.24,59022937.0,8.19
1281,8.16,8.17,53144151.0,7.96
1282,8.13,8.3,61435945.0,8.29
1283,8.5,8.65,98506023.0,8.52
1284,8.75,8.77,102556824.0,8.76
1285,8.85,9.12,132161713.0,9.1
1286,9.3,9.42,135608729.0,9.24
1287,9.36,9.37,91073348.0,9.26
1288,9.01,9.04,109751094.0,9.03
1289,9.2,9.35,70656577.0,9.11
1290,9.01,9.23,72075220.0,9.18
1291,9.38,9.38,70851309.0,9.08
1292,8.9,9.0,89779565.0,8.82
1293,8.95,8.98,94384727.0,8.7
1294,9.13,9.24,75720724.0,9.14
1295,9.29,9.29,100090560.0,9.08
1296,9.05,9.15,65596804.0,8.97
1297,8.91,9.09,49340148.0,9.04
1298,8.94,9.19,53910761.0,9.17
1299,9.03,9.05,75598481.0,8.96
1300,8.96,9.09,48644283.0,8.99
1301,8.91,9.1,85399559.0,9.07
1302,9.1,9.18,73231732.0,9.16
1303,9.07,9.13,74259060.0,8.87
1304,8.87,8.87,97117861.0,8.59
1305,8.59,8.69,55955357.0,8.59
1306,8.85,8.93,57045533.0,8.78
1307,8.7,8.98,45995050.0,8.95
1308,9.1,9.2,77988356.0,9.1
1309,9.11,9.17,36684704.0,9.15
1310,9.36,9.75,171727394.0,9.72
1311,9.78,9.78,69397297.0,9.67
1312,9.62,9.75,63460704.0,9.73
1313,9.22,9.58,116063394.0,9.57
1314,9.8,9.8,85423257.0,9.79
1315,9.85,9.85,85250769.0,9.65
1316,9.87,10.2,134601155.0,10.18
1317,10.0,10.16,55269863.0,10.08
1318,10.16,10.16,45824777.0,10.02
1319,9.95,10.02,69199262.0,9.93
1320,10.0,10.04,55801154.0,9.95
1321,10.0,10.08,82026979.0,9.89
1322,9.7,9.75,79729770.0,9.66
1323,9.66,9.72,69796469.0,9.43
1324,9.22,9.28,95162684.0,9.12
1325,9.1,9.17,93611064.0,9.11
1326,9.0,9.04,94818456.0,8.9
1327,9.05,9.17,49936416.0,8.94
1328,8.7,8.98,60100966.0,8.93
1329,9.0,9.1,58818084.0,8.95
1330,9.11,9.12,47430288.0,9.05
1331,8.91,9.07,64236558.0,8.89
1332,8.87,9.03,39910500.0,8.96
1333,9.18,9.25,61805454.0,9.23
1334,9.24,9.38,75214565.0,9.17
1335,9.12,9.15,54991729.0,9.04
1336,8.99,9.22,53717027.0,9.07
1337,9.0,9.19,36987992.0,9.05
1338,9.08,9.08,66202436.0,8.86
1339,8.97,9.25,60283066.0,9.18
1340,9.25,9.47,66285610.0,9.37
1341,9.4,9.45,44794609.0,9.44
1342,9.45,9.45,53512141.0,9.26
1343,9.16,9.36,103861193.0,9.28
1344,9.16,9.5,48606865.0,9.46
1345,9.36,9.59,47416562.0,9.5
1346,9.54,9.59,61012766.0,9.53
1347,9.59,9.61,34930445.0,9.6
1348,9.65,9.84,61739841.0,9.82
1349,9.6,9.79,71631563.0,9.75
1350,9.75,9.8,62778170.0,9.59
1351,9.44,9.44,62383353.0,9.39
1352,9.31,9.47,80811872.0,9.41
1353,9.26,9.53,51162417.0,9.44
1354,9.27,9.4,72514599.0,9.1
1355,9.14,9.16,77292620.0,9.03
1356,9.21,9.41,58983556.0,9.36
1357,9.43,9.63,69887249.0,9.59
1358,9.55,9.74,47947749.0,9.73
1359,9.68,9.7,31920215.0,9.67
1360,9.44,9.85,117483418.0,9.29
1361,9.15,9.23,80813140.0,9.18
1362,8.94,9.2,48214224.0,9.17
1363,9.22,9.36,31495369.0,9.35
1364,9.5,9.68,72939004.0,9.62
1365,9.62,9.79,44532613.0,9.75
1366,9.78,9.78,40659749.0,9.57
1367,9.34,9.5,51530955.0,9.47
1368,9.5,9.66,48239358.0,9.62
1369,9.6,9.6,43217403.0,9.49
1370,9.7,9.7,38410749.0,9.59
1371,9.62,9.7,54513604.0,9.67
1372,9.75,9.96,51379341.0,9.82
1373,9.69,9.85,51071801.0,9.84
1374,9.85,9.94,41111850.0,9.83
1375,9.88,9.93,37937966.0,9.91
1376,9.91,9.94,46288544.0,9.8
1377,9.82,10.0,53365465.0,9.95
1378,10.02,10.12,48854634.0,9.96
1379,9.87,9.99,47808231.0,9.9
1380,10.02,10.02,30075792.0,9.94
1381,9.74,9.79,98324902.0,9.68
1382,9.68,9.8,58782491.0,9.73
1383,9.54,9.6,76293203.0,9.56
1384,9.25,9.42,94402032.0,9.28
1385,9.1,9.26,91085678.0,9.26
1386,9.26,9.26,0.0,9.26
1387,9.04,9.05,169448901.0,8.85
1388,9.05,9.18,73434919.0,9.12
1389,9.3,9.31,48433479.0,9.24
1390,9.3,9.31,68432053.0,9.26
1391,9.33,9.41,63655274.0,9.35
1392,9.4,9.44,37418166.0,9.36
1393,9.38,9.38,55067729.0,9.32
1394,9.53,9.67,84169004.0,9.62
1395,9.82,9.89,95824304.0,9.77
1396,9.77,9.87,63534661.0,9.79
1397,9.79,9.9,74743505.0,9.76
1398,9.75,9.81,45426730.0,9.76
1399,9.84,9.94,47878752.0,9.8
1400,9.8,9.83,40579036.0,9.74
1401,9.68,9.69,34659177.0,9.63
1402,9.73,9.8,39666922.0,9.61
1403,9.5,9.6,70177328.0,9.52
1404,9.46,9.7,32838391.0,9.62
1405,9.64,9.69,36669170.0,9.55
1406,9.66,9.77,41742237.0,9.53
1407,9.55,9.6,49206304.0,9.53
1408,9.44,9.47,45517995.0,9.42
1409,9.4,9.51,47091356.0,9.42
1410,9.57,9.64,39892625.0,9.62
1411,9.68,9.73,47340635.0,9.7
1412,9.62,9.74,28584886.0,9.72
1413,9.59,9.7,40570600.0,9.63
1414,9.74,9.79,60970981.0,9.69
1415,9.4,9.48,65276971.0,9.43
1416,9.49,9.68,46710299.0,9.48
1417,9.36,9.42,59616201.0,9.37
1418,9.32,9.36,57323551.0,9.3
1419,9.3,9.38,43482430.0,9.29
1420,9.28,9.3,39347711.0,9.24
1421,9.25,9.38,36120245.0,9.35
1422,9.48,9.5,46627515.0,9.42
1423,9.47,9.55,35139656.0,9.45
1424,9.34,9.39,43802842.0,9.24
1425,9.18,9.34,44461376.0,9.3
1426,9.23,9.27,27933680.0,9.27
1427,9.82,9.83,167878108.0,9.74
1428,9.69,9.79,70322242.0,9.62
1429,9.81,9.83,56948777.0,9.75
1430,9.78,9.81,45154325.0,9.77
1431,9.74,10.14,105354204.0,10.14
1432,10.18,10.54,107953783.0,10.54
1433,10.5,10.56,75934391.0,10.34
1434,10.34,10.68,97486063.0,10.38
1435,10.3,10.44,81782822.0,10.44
1436,10.24,10.36,64788099.0,10.18
1437,10.2,10.54,77001961.0,10.44
1438,10.32,10.34,42688693.0,10.24
1439,10.28,10.5,49728195.0,10.48
1440,10.38,10.54,64291420.0,10.46
1441,10.6,10.84,109530908.0,10.68
1442,10.68,10.68,0.0,10.68
1443,10.78,10.88,72882434.0,10.7
1444,10.7,10.82,47698137.0,10.7
1445,10.52,10.58,57064358.0,10.48
1446,10.28,10.3,120332387.0,10.2
1447,10.12,10.28,55424859.0,10.04
1448,9.94,10.02,79040877.0,9.87
1449,9.95,10.12,58283670.0,9.99
1450,9.71,9.87,47387244.0,9.87
1451,9.75,9.92,48266316.0,9.82
1452,9.69,9.78,58503842.0,9.75
1453,9.9,9.92,64173084.0,9.85
1454,9.95,9.95,67065903.0,9.8
1455,9.85,9.86,85260755.0,9.53
1456,9.83,9.88,68672337.0,9.79
1457,9.64,9.71,55177157.0,9.61
1458,9.5,9.61,40420408.0,9.51
1459,9.56,9.66,39050159.0,9.56
1460,9.87,9.92,82937484.0,9.73
1461,9.65,9.86,43727397.0,9.68
1462,9.69,9.79,37560030.0,9.77
1463,9.8,9.81,37185072.0,9.73
1464,9.92,10.28,92377371.0,10.24
1465,10.14,10.22,42271300.0,10.16
1466,10.14,10.14,29397246.0,10.1
1467,10.14,10.18,35137071.0,10.04
1468,9.9,10.08,68168164.0,10.0
1469,9.91,9.96,84038475.0,9.91
1470,9.91,9.91,78296270.0,9.78
1471,10.5,10.56,152674844.0,10.38
1472,10.32,10.48,101157379.0,10.34
1473,10.34,10.34,55718720.0,10.14
1474,10.32,10.34,47165046.0,10.18
1475,10.22,10.28,44060457.0,10.2
1476,10.34,10.34,51055745.0,10.28
1477,10.34,10.36,39390989.0,10.26
1478,10.5,10.52,70499229.0,10.22
1479,10.22,10.38,63287538.0,10.38
1480,10.5,10.66,76653263.0,10.38
1481,10.14,10.26,84821797.0,10.02
1482,10.14,10.16,66354260.0,10.08
1483,10.02,10.18,39010452.0,10.0
1484,9.98,10.06,34919712.0,9.92
1485,9.91,9.98,46137730.0,9.9
1486,9.77,9.79,62415621.0,9.69
1487,9.79,9.79,57341712.0,9.57
1488,9.57,9.82,50463773.0,9.7
1489,9.6,9.7,46480594.0,9.62
1490,9.74,9.74,36560422.0,9.7
1491,9.7,9.79,27871194.0,9.79
1492,9.85,9.85,32228934.0,9.8
1493,9.92,10.08,49164146.0,9.96
1494,10.12,10.12,47696921.0,9.95
1495,9.95,10.1,68257812.0,9.86
1496,9.74,9.8,61407670.0,9.73
1497,9.72,9.9,63889315.0,9.84
1498,9.86,9.95,74212426.0,9.73
1499,9.85,9.99,60693012.0,9.96
1500,9.85,9.91,25224625.0,9.83
1501,9.8,9.89,45008154.0,9.86
1502,9.87,10.18,68455265.0,10.04
1503,10.08,10.08,52087523.0,10.0
1504,9.95,9.95,66723186.0,9.8
1505,9.78,9.86,71761661.0,9.73
1506,9.7,9.73,71833332.0,9.7
1507,9.64,9.72,48713367.0,9.68
1508,9.68,9.92,71561143.0,9.9
1509,9.85,9.92,24576263.0,9.84
1510,9.84,9.84,55153346.0,9.75
1511,9.8,9.81,47121799.0,9.67
1512,9.74,9.74,51071510.0,9.74
1513,9.76,9.77,55270124.0,9.7
1514,9.62,9.7,34281811.0,9.65
1515,9.56,9.61,105528904.0,9.53
1516,9.52,9.64,91385586.0,9.54
1517,9.63,9.77,83974345.0,9.63
1518,9.71,9.73,56531710.0,9.69
1519,9.67,9.68,101487643.0,9.54
1520,9.6,9.63,102763470.0,9.53
1521,9.52,9.57,53569119.0,9.52
1522,9.53,9.54,86823316.0,9.43
1523,9.45,9.54,48501141.0,9.48
1524,9.51,9.51,52703646.0,9.46
1525,9.53,9.53,76619403.0,9.47
1526,9.4,9.46,64045455.0,9.43
1527,9.45,9.45,69501960.0,9.38
1528,9.35,9.35,70775874.0,9.25
1529,9.25,9.33,75356132.0,9.18
1530,9.16,9.19,90478233.0,9.09
1531,9.27,9.29,95165640.0,9.17
1532,9.11,9.16,56069059.0,9.14
1533,9.13,9.17,49708200.0,9.11
1534,9.04,9.17,62398418.0,9.1
1535,9.08,9.1,95338319.0,9.05
1536,8.88,8.91,144598578.0,8.89
1537,8.85,8.88,135415235.0,8.83
1538,8.79,8.96,72111089.0,8.92
1539,8.87,8.94,101081613.0,8.91
1540,8.82,8.85,92148115.0,8.81
1541,8.95,9.14,177295246.0,9.13
1542,9.08,9.13,135696698.0,9.13
1543,9.06,9.1,95117270.0,9.08
1544,9.06,9.15,77022965.0,9.09
1545,8.94,8.96,110151204.0,8.93
1546,8.92,9.01,76766900.0,8.89
1547,9.25,9.29,243024224.0,9.24
1548,9.2,9.34,88927379.0,9.24
1549,9.32,9.32,77658082.0,9.31
1550,9.35,9.37,63554397.0,9.34
1551,9.4,9.42,75416417.0,9.34
1552,9.41,9.42,71065041.0,9.28
1553,9.3,9.35,56505925.0,9.3
1554,9.3,9.42,98670090.0,9.42
1555,9.4,9.44,49246798.0,9.4
1556,9.46,9.58,129112573.0,9.54
1557,9.55,9.57,44985192.0,9.49
1558,9.46,9.52,65905887.0,9.39
1559,9.48,9.48,54127790.0,9.45
1560,9.4,9.47,45414968.0,9.43
1561,9.43,9.43,63077224.0,9.24
1562,9.2,9.22,84359953.0,9.13
1563,9.0,9.1,111057559.0,9.09
1564,9.14,9.16,46271692.0,9.05
1565,9.09,9.1,59848372.0,9.06
1566,9.09,9.1,66961238.0,9.08
1567,9.04,9.1,64119732.0,9.07
1568,9.1,9.1,62449124.0,9.04
1569,9.04,9.12,67561347.0,9.07
1570,9.07,9.08,88343279.0,8.97
1571,8.97,8.97,65544627.0,8.92
1572,8.84,8.87,149421195.0,8.82
1573,8.91,8.95,72100457.0,8.83
1574,8.83,8.94,49843501.0,8.91
1575,8.88,8.94,73855151.0,8.9
1576,8.98,9.06,92465126.0,9.01
1577,9.03,9.1,42371958.0,9.06
1578,9.12,9.24,115274869.0,9.2
1579,9.28,9.3,57784944.0,9.23
1580,9.21,9.21,52543543.0,9.2
1581,9.18,9.18,42303056.0,9.13
1582,9.15,9.16,34888647.0,9.13
1583,9.23,9.27,53760753.0,9.17
1584,9.25,9.25,60802686.0,9.14
1585,9.17,9.17,43150177.0,9.12
1586,9.14,9.21,36963132.0,9.16
1587,9.04,9.09,92030064.0,9.08
1588,9.0,9.04,66876525.0,9.02
1589,9.02,9.02,102033291.0,8.9
1590,8.88,8.92,52018862.0,8.9
1591,8.91,8.96,41871583.0,8.93
1592,8.88,9.06,73466794.0,8.98
1593,8.95,8.96,46563071.0,8.94
1594,8.93,8.99,47500313.0,8.97
1595,8.7,8.71,80032762.0,8.69
1596,8.68,8.68,89421716.0,8.66
1597,8.65,8.7,61359386.0,8.65
1598,8.65,8.78,69381919.0,8.69
1599,8.75,8.78,65873314.0,8.75
1600,8.65,8.65,63563362.0,8.62
1601,8.6,8.63,53962144.0,8.63
1602,8.63,8.71,55367748.0,8.64
1603,8.66,8.7,31256967.0,8.62
1604,8.55,8.57,53836326.0,8.56
1605,8.5,8.54,58047295.0,8.53
1606,8.49,8.53,47759146.0,8.52
1607,8.6,8.6,46226824.0,8.54
1608,8.57,8.57,53870652.0,8.5
1609,8.5,8.58,69174874.0,8.53
1610,8.59,8.6,37258440.0,8.54
1611,8.54,8.59,65221260.0,8.55
1612,8.55,8.57,67770580.0,8.53
1613,8.58,8.92,164997971.0,8.64
1614,8.68,8.8,83379849.0,8.73
1615,8.64,8.68,62926898.0,8.65
1616,8.55,8.61,40438756.0,8.58
1617,8.54,8.54,58764157.0,8.52
1618,8.49,8.56,40265728.0,8.54
1619,8.6,8.69,57737338.0,8.6
1620,8.69,8.72,48347904.0,8.67
1621,8.69,8.76,43631279.0,8.69
1622,8.74,8.76,43485404.0,8.7
1623,8.7,8.72,34883449.0,8.69
1624,8.68,8.73,34159684.0,8.71
1625,8.78,8.78,58552197.0,8.73
1626,8.73,8.76,37992429.0,8.7
1627,8.65,8.66,77069622.0,8.62
1628,8.6,8.62,45411186.0,8.57
1629,8.75,8.83,130289646.0,8.77
1630,8.84,8.87,48064971.0,8.77
1631,8.76,8.76,36272281.0,8.72
1632,8.75,8.8,49236815.0,8.74
1633,8.84,8.84,74176559.0,8.77
1634,8.8,8.8,60720096.0,8.75
1635,8.75,8.79,35233998.0,8.74
1636,8.75,8.77,41918399.0,8.7
1637,8.7,8.74,39509930.0,8.69
1638,8.74,8.84,84490706.0,8.81
1639,8.8,8.81,45759108.0,8.78
1640,8.8,8.83,45047399.0,8.79
1641,8.74,8.79,71867419.0,8.73
1642,8.78,8.78,32368572.0,8.71
1643,8.65,8.7,93206675.0,8.58
1644,8.56,8.61,32139673.0,8.6
1645,8.61,8.76,107666816.0,8.71
1646,8.69,8.75,66461997.0,8.68
1647,8.68,9.04,213313118.0,9.0
1648,9.0,9.13,113114146.0,9.08
1649,9.11,9.11,0.0,9.11
1650,9.15,9.17,120129503.0,9.11
1651,9.49,9.49,305008534.0,9.36
1652,9.5,9.5,125221847.0,9.38
1653,9.43,9.43,78996502.0,9.32
1654,9.41,9.48,114457772.0,9.44
1655,9.44,9.46,68639734.0,9.36
1656,9.45,9.49,70078396.0,9.41
1657,9.48,9.48,54831183.0,9.4
1658,9.4,9.44,31502744.0,9.44
1659,9.44,9.5,75213853.0,9.46
1660,9.35,9.43,72545951.0,9.26
1661,9.38,9.4,54307243.0,9.29
1662,9.36,9.37,44526616.0,9.27
1663,9.37,9.37,58210007.0,9.23
1664,9.3,9.3,57979330.0,9.2
1665,9.3,9.3,62905212.0,9.24
1666,9.35,9.54,138342246.0,9.49
1667,9.57,9.63,106266288.0,9.55
1668,9.59,9.59,44640687.0,9.49
1669,9.5,9.54,38761416.0,9.51
1670,9.55,9.65,53144867.0,9.58
1671,9.61,9.62,30809235.0,9.5
1672,9.52,9.55,68346410.0,9.52
1673,9.67,9.9,204441632.0,9.9
1674,9.9,9.92,130312459.0,9.92
1675,9.93,9.96,102319100.0,9.87
1676,9.91,10.1,138020949.0,10.08
1677,10.08,10.1,114525194.0,10.08
1678,10.08,10.16,82458905.0,10.06
1679,10.06,10.18,92086313.0,10.1
1680,9.92,10.0,41509296.0,10.0
1681,10.1,10.1,58909044.0,10.0
1682,10.16,10.24,93208613.0,10.2
1683,10.22,10.24,82573286.0,9.96
1684,9.98,10.14,55211935.0,10.08
1685,10.08,10.24,67168665.0,10.1
1686,10.14,10.2,55164787.0,10.2
1687,10.2,10.22,51573581.0,10.16
1688,10.22,10.22,60323066.0,10.0
1689,10.06,10.06,67581450.0,9.96
1690,9.99,10.02,57932285.0,9.89
1691,9.89,9.98,65815621.0,9.91
1692,9.97,10.18,80656649.0,10.16
1693,10.02,10.14,87678401.0,10.1
1694,10.1,10.14,59808816.0,10.1
1695,10.26,10.58,192398263.0,10.48
1696,10.66,10.68,127600991.0,10.62
1697,10.7,10.78,73676362.0,10.6
1698,10.78,11.04,162905863.0,10.96
1699,11.1,11.12,52941709.0,10.86
1700,11.0,11.1,87100732.0,11.02
1701,11.2,11.24,81980428.0,11.14
1702,11.2,11.28,62907132.0,10.96
1703,11.16,11.16,78046879.0,11.12
1704,11.14,11.2,60701899.0,11.1
1705,11.1,11.2,63123993.0,11.06
1706,11.02,11.04,50738049.0,10.9
1707,10.68,10.74,84693971.0,10.58
1708,10.46,10.7,49007347.0,10.6
1709,10.68,10.7,72171015.0,10.6
1710,10.6,10.62,41553255.0,10.56
1711,10.42,10.62,63990425.0,10.62
1712,10.7,10.84,60837637.0,10.76
1713,10.82,10.94,64827519.0,10.8
1714,10.8,10.92,54047122.0,10.74
1715,10.62,10.8,58931171.0,10.72
1716,10.72,10.72,66913821.0,10.58
1717,10.7,10.86,81597534.0,10.8
1718,10.78,10.78,66214257.0,10.58
1719,10.64,10.74,37998297.0,10.7
1720,10.84,10.98,65822487.0,10.86
1721,10.86,10.98,55116665.0,10.92
1722,10.86,10.86,75838763.0,10.58
1723,10.46,10.6,51488359.0,10.5
1724,10.44,10.56,57623386.0,10.48
1725,10.54,10.78,52734740.0,10.6
1726,10.88,11.08,101936343.0,10.98
1727,11.02,11.14,69028485.0,11.1
1728,11.12,11.16,38735261.0,11.1
1729,11.0,11.08,83155253.0,10.9
